INSERT INTO "country" ("id", "alpha3_code", "name") VALUES ('afghanistan', 'AFG', 'Afghanistan');
INSERT INTO "country" ("id", "alpha3_code", "name") VALUES ('aland-islands', 'ALA', 'Åland Islands');
INSERT INTO "country" ("id", "alpha3_code", "name") VALUES ('albania', 'ALB', 'Albania');
INSERT INTO "country" ("id", "alpha3_code", "name") VALUES ('algeria', 'DZA', 'Algeria');
INSERT INTO "country" ("id", "alpha3_code", "name") VALUES ('american-samoa', 'ASM', 'American Samoa');
INSERT INTO "country" ("id", "alpha3_code", "name") VALUES ('andorra', 'AND', 'Andorra');
INSERT INTO "country" ("id", "alpha3_code", "name") VALUES ('angola', 'AGO', 'Angola');
INSERT INTO "country" ("id", "alpha3_code", "name") VALUES ('anguilla', 'AIA', 'Anguilla');
INSERT INTO "country" ("id", "alpha3_code", "name") VALUES ('antarctica', 'ATA', 'Antarctica');
INSERT INTO "country" ("id", "alpha3_code", "name") VALUES ('antigua-and-barbuda', 'ATG', 'Antigua and Barbuda');
INSERT INTO "country" ("id", "alpha3_code", "name") VALUES ('argentina', 'ARG', 'Argentina');
INSERT INTO "country" ("id", "alpha3_code", "name") VALUES ('armenia', 'ARM', 'Armenia');
INSERT INTO "country" ("id", "alpha3_code", "name") VALUES ('aruba', 'ABW', 'Aruba');
INSERT INTO "country" ("id", "alpha3_code", "name") VALUES ('australia', 'AUS', 'Australia');
INSERT INTO "country" ("id", "alpha3_code", "name") VALUES ('austria', 'AUT', 'Austria');
INSERT INTO "country" ("id", "alpha3_code", "name") VALUES ('azerbaijan', 'AZE', 'Azerbaijan');
INSERT INTO "country" ("id", "alpha3_code", "name") VALUES ('bahamas', 'BHS', 'Bahamas');
INSERT INTO "country" ("id", "alpha3_code", "name") VALUES ('bahrain', 'BHR', 'Bahrain');
INSERT INTO "country" ("id", "alpha3_code", "name") VALUES ('bangladesh', 'BGD', 'Bangladesh');
INSERT INTO "country" ("id", "alpha3_code", "name") VALUES ('barbados', 'BRB', 'Barbados');
INSERT INTO "country" ("id", "alpha3_code", "name") VALUES ('belarus', 'BLR', 'Belarus');
INSERT INTO "country" ("id", "alpha3_code", "name") VALUES ('belgium', 'BEL', 'Belgium');
INSERT INTO "country" ("id", "alpha3_code", "name") VALUES ('belize', 'BLZ', 'Belize');
INSERT INTO "country" ("id", "alpha3_code", "name") VALUES ('benin', 'BEN', 'Benin');
INSERT INTO "country" ("id", "alpha3_code", "name") VALUES ('bermuda', 'BMU', 'Bermuda');
INSERT INTO "country" ("id", "alpha3_code", "name") VALUES ('bhutan', 'BTN', 'Bhutan');
INSERT INTO "country" ("id", "alpha3_code", "name") VALUES ('bolivia', 'BOL', 'Bolivia');
INSERT INTO "country" ("id", "alpha3_code", "name") VALUES ('bonaire', 'BES', 'Bonaire');
INSERT INTO "country" ("id", "alpha3_code", "name") VALUES ('bosnia-and-herzegovina', 'BIH', 'Bosnia and Herzegovina');
INSERT INTO "country" ("id", "alpha3_code", "name") VALUES ('botswana', 'BWA', 'Botswana');
INSERT INTO "country" ("id", "alpha3_code", "name") VALUES ('bouvet-island', 'BVT', 'Bouvet Island');
INSERT INTO "country" ("id", "alpha3_code", "name") VALUES ('brazil', 'BRA', 'Brazil');
INSERT INTO "country" ("id", "alpha3_code", "name") VALUES ('british-indian-ocean-territory', 'IOT', 'British Indian Ocean Territory');
INSERT INTO "country" ("id", "alpha3_code", "name") VALUES ('british-virgin-islands', 'VGB', 'British Virgin Islands');
INSERT INTO "country" ("id", "alpha3_code", "name") VALUES ('brunei', 'BRN', 'Brunei');
INSERT INTO "country" ("id", "alpha3_code", "name") VALUES ('bulgaria', 'BGR', 'Bulgaria');
INSERT INTO "country" ("id", "alpha3_code", "name") VALUES ('burkina-faso', 'BFA', 'Burkina Faso');
INSERT INTO "country" ("id", "alpha3_code", "name") VALUES ('burundi', 'BDI', 'Burundi');
INSERT INTO "country" ("id", "alpha3_code", "name") VALUES ('cambodia', 'KHM', 'Cambodia');
INSERT INTO "country" ("id", "alpha3_code", "name") VALUES ('cameroon', 'CMR', 'Cameroon');
INSERT INTO "country" ("id", "alpha3_code", "name") VALUES ('canada', 'CAN', 'Canada');
INSERT INTO "country" ("id", "alpha3_code", "name") VALUES ('cape-verde', 'CPV', 'Cape Verde');
INSERT INTO "country" ("id", "alpha3_code", "name") VALUES ('cayman-islands', 'CYM', 'Cayman Islands');
INSERT INTO "country" ("id", "alpha3_code", "name") VALUES ('central-african-republic', 'CAF', 'Central African Republic');
INSERT INTO "country" ("id", "alpha3_code", "name") VALUES ('chad', 'TCD', 'Chad');
INSERT INTO "country" ("id", "alpha3_code", "name") VALUES ('chile', 'CHL', 'Chile');
INSERT INTO "country" ("id", "alpha3_code", "name") VALUES ('china', 'CHN', 'China');
INSERT INTO "country" ("id", "alpha3_code", "name") VALUES ('christmas-island', 'CXR', 'Christmas Island');
INSERT INTO "country" ("id", "alpha2_code", "alpha3_code", "ioc_code", "name", "demonym", "continent_id") VALUES ('cocos-keeling-islands', 'CC', 'CCK', NULL, 'Cocos (Keeling) Islands', 'Cocossian', 'asia');
INSERT INTO "country" ("id", "alpha3_code", "name") VALUES ('colombia', 'COL', 'Colombia');
INSERT INTO "country" ("id", "alpha3_code", "name") VALUES ('comoros', 'COM', 'Comoros');
INSERT INTO "country" ("id", "alpha3_code", "name") VALUES ('cook-islands', 'COK', 'Cook Islands');
INSERT INTO "country" ("id", "alpha3_code", "name") VALUES ('costa-rica', 'CRI', 'Costa Rica');
INSERT INTO "country" ("id", "alpha3_code", "name") VALUES ('croatia', 'HRV', 'Croatia');
INSERT INTO "country" ("id", "alpha3_code", "name") VALUES ('cuba', 'CUB', 'Cuba');
INSERT INTO "country" ("id", "alpha3_code", "name") VALUES ('curacao', 'CUW', 'Curaçao');
INSERT INTO "country" ("id", "alpha3_code", "name") VALUES ('cyprus', 'CYP', 'Cyprus');
INSERT INTO "country" ("id", "alpha3_code", "name") VALUES ('czechia', 'CZE', 'Czechia');
INSERT INTO "country" ("id", "alpha3_code", "name") VALUES ('democratic-republic-of-the-congo', 'COD', 'Democratic Republic of the Congo');
INSERT INTO "country" ("id", "alpha3_code", "name") VALUES ('denmark', 'DNK', 'Denmark');
INSERT INTO "country" ("id", "alpha3_code", "name") VALUES ('djibouti', 'DJI', 'Djibouti');
INSERT INTO "country" ("id", "alpha3_code", "name") VALUES ('dominica', 'DMA', 'Dominica');
INSERT INTO "country" ("id", "alpha3_code", "name") VALUES ('dominican-republic', 'DOM', 'Dominican Republic');
INSERT INTO "country" ("id", "alpha3_code", "name") VALUES ('east-timor', 'TLS', 'East Timor');
INSERT INTO "country" ("id", "alpha3_code", "name") VALUES ('ecuador', 'ECU', 'Ecuador');
INSERT INTO "country" ("id", "alpha3_code", "name") VALUES ('egypt', 'EGY', 'Egypt');
INSERT INTO "country" ("id", "alpha3_code", "name") VALUES ('el-salvador', 'SLV', 'El Salvador');
INSERT INTO "country" ("id", "alpha3_code", "name") VALUES ('equatorial-guinea', 'GNQ', 'Equatorial Guinea');
INSERT INTO "country" ("id", "alpha3_code", "name") VALUES ('eritrea', 'ERI', 'Eritrea');
INSERT INTO "country" ("id", "alpha3_code", "name") VALUES ('estonia', 'EST', 'Estonia');
INSERT INTO "country" ("id", "alpha3_code", "name") VALUES ('eswatini', 'SWZ', 'Eswatini');
INSERT INTO "country" ("id", "alpha3_code", "name") VALUES ('ethiopia', 'ETH', 'Ethiopia');
INSERT INTO "country" ("id", "alpha3_code", "name") VALUES ('falkland-islands', 'FLK', 'Falkland Islands');
INSERT INTO "country" ("id", "alpha3_code", "name") VALUES ('faroe-islands', 'FRO', 'Faroe Islands');
INSERT INTO "country" ("id", "alpha3_code", "name") VALUES ('federated-states-of-micronesia', 'FSM', 'Federated States of Micronesia');
INSERT INTO "country" ("id", "alpha3_code", "name") VALUES ('fiji', 'FJI', 'Fiji');
INSERT INTO "country" ("id", "alpha3_code", "name") VALUES ('finland', 'FIN', 'Finland');
INSERT INTO "country" ("id", "alpha3_code", "name") VALUES ('france', 'FRA', 'France');
INSERT INTO "country" ("id", "alpha3_code", "name") VALUES ('french-guiana', 'GUF', 'French Guiana');
INSERT INTO "country" ("id", "alpha3_code", "name") VALUES ('french-polynesia', 'PYF', 'French Polynesia');
INSERT INTO "country" ("id", "alpha3_code", "name") VALUES ('french-southern-territories', 'ATF', 'French Southern Territories');
INSERT INTO "country" ("id", "alpha3_code", "name") VALUES ('gabon', 'GAB', 'Gabon');
INSERT INTO "country" ("id", "alpha3_code", "name") VALUES ('gambia', 'GMB', 'Gambia');
INSERT INTO "country" ("id", "alpha3_code", "name") VALUES ('georgia', 'GEO', 'Georgia');
INSERT INTO "country" ("id", "alpha3_code", "name") VALUES ('germany', 'DEU', 'Germany');
INSERT INTO "country" ("id", "alpha3_code", "name") VALUES ('ghana', 'GHA', 'Ghana');
INSERT INTO "country" ("id", "alpha3_code", "name") VALUES ('gibraltar', 'GIB', 'Gibraltar');
INSERT INTO "country" ("id", "alpha3_code", "name") VALUES ('greece', 'GRC', 'Greece');
INSERT INTO "country" ("id", "alpha3_code", "name") VALUES ('greenland', 'GRL', 'Greenland');
INSERT INTO "country" ("id", "alpha3_code", "name") VALUES ('grenada', 'GRD', 'Grenada');
INSERT INTO "country" ("id", "alpha3_code", "name") VALUES ('guadeloupe', 'GLP', 'Guadeloupe');
INSERT INTO "country" ("id", "alpha3_code", "name") VALUES ('guam', 'GUM', 'Guam');
INSERT INTO "country" ("id", "alpha3_code", "name") VALUES ('guatemala', 'GTM', 'Guatemala');
INSERT INTO "country" ("id", "alpha3_code", "name") VALUES ('guernsey', 'GGY', 'Guernsey');
INSERT INTO "country" ("id", "alpha3_code", "name") VALUES ('guinea-bissau', 'GNB', 'Guinea-Bissau');
INSERT INTO "country" ("id", "alpha3_code", "name") VALUES ('guinea', 'GIN', 'Guinea');
INSERT INTO "country" ("id", "alpha3_code", "name") VALUES ('guyana', 'GUY', 'Guyana');
INSERT INTO "country" ("id", "alpha3_code", "name") VALUES ('haiti', 'HTI', 'Haiti');
INSERT INTO "country" ("id", "alpha3_code", "name") VALUES ('heard-island-and-mcdonald-islands', 'HMD', 'Heard Island and McDonald Islands');
INSERT INTO "country" ("id", "alpha3_code", "name") VALUES ('honduras', 'HND', 'Honduras');
INSERT INTO "country" ("id", "alpha3_code", "name") VALUES ('hong-kong', 'HKG', 'Hong Kong');
INSERT INTO "country" ("id", "alpha3_code", "name") VALUES ('hungary', 'HUN', 'Hungary');
INSERT INTO "country" ("id", "alpha3_code", "name") VALUES ('iceland', 'ISL', 'Iceland');
INSERT INTO "country" ("id", "alpha3_code", "name") VALUES ('india', 'IND', 'India');
INSERT INTO "country" ("id", "alpha3_code", "name") VALUES ('indonesia', 'IDN', 'Indonesia');
INSERT INTO "country" ("id", "alpha3_code", "name") VALUES ('iran', 'IRN', 'Iran');
INSERT INTO "country" ("id", "alpha3_code", "name") VALUES ('iraq', 'IRQ', 'Iraq');
INSERT INTO "country" ("id", "alpha3_code", "name") VALUES ('ireland', 'IRL', 'Ireland');
INSERT INTO "country" ("id", "alpha3_code", "name") VALUES ('isle-of-man', 'IMN', 'Isle of Man');
INSERT INTO "country" ("id", "alpha3_code", "name") VALUES ('israel', 'ISR', 'Israel');
INSERT INTO "country" ("id", "alpha3_code", "name") VALUES ('italy', 'ITA', 'Italy');
INSERT INTO "country" ("id", "alpha3_code", "name") VALUES ('ivory-coast', 'CIV', 'Ivory Coast');
INSERT INTO "country" ("id", "alpha3_code", "name") VALUES ('jamaica', 'JAM', 'Jamaica');
INSERT INTO "country" ("id", "alpha3_code", "name") VALUES ('japan', 'JPN', 'Japan');
INSERT INTO "country" ("id", "alpha3_code", "name") VALUES ('jersey', 'JEY', 'Jersey');
INSERT INTO "country" ("id", "alpha3_code", "name") VALUES ('jordan', 'JOR', 'Jordan');
INSERT INTO "country" ("id", "alpha3_code", "name") VALUES ('kazakhstan', 'KAZ', 'Kazakhstan');
INSERT INTO "country" ("id", "alpha3_code", "name") VALUES ('kenya', 'KEN', 'Kenya');
INSERT INTO "country" ("id", "alpha3_code", "name") VALUES ('kiribati', 'KIR', 'Kiribati');
INSERT INTO "country" ("id", "alpha3_code", "name") VALUES ('kuwait', 'KWT', 'Kuwait');
INSERT INTO "country" ("id", "alpha3_code", "name") VALUES ('kyrgyzstan', 'KGZ', 'Kyrgyzstan');
INSERT INTO "country" ("id", "alpha3_code", "name") VALUES ('laos', 'LAO', 'Laos');
INSERT INTO "country" ("id", "alpha3_code", "name") VALUES ('latvia', 'LVA', 'Latvia');
INSERT INTO "country" ("id", "alpha3_code", "name") VALUES ('lebanon', 'LBN', 'Lebanon');
INSERT INTO "country" ("id", "alpha3_code", "name") VALUES ('lesotho', 'LSO', 'Lesotho');
INSERT INTO "country" ("id", "alpha3_code", "name") VALUES ('liberia', 'LBR', 'Liberia');
INSERT INTO "country" ("id", "alpha3_code", "name") VALUES ('libya', 'LBY', 'Libya');
INSERT INTO "country" ("id", "alpha3_code", "name") VALUES ('liechtenstein', 'LIE', 'Liechtenstein');
INSERT INTO "country" ("id", "alpha3_code", "name") VALUES ('lithuania', 'LTU', 'Lithuania');
INSERT INTO "country" ("id", "alpha3_code", "name") VALUES ('luxembourg', 'LUX', 'Luxembourg');
INSERT INTO "country" ("id", "alpha3_code", "name") VALUES ('macau', 'MAC', 'Macau');
INSERT INTO "country" ("id", "alpha3_code", "name") VALUES ('madagascar', 'MDG', 'Madagascar');
INSERT INTO "country" ("id", "alpha3_code", "name") VALUES ('malawi', 'MWI', 'Malawi');
INSERT INTO "country" ("id", "alpha3_code", "name") VALUES ('malaysia', 'MYS', 'Malaysia');
INSERT INTO "country" ("id", "alpha3_code", "name") VALUES ('maldives', 'MDV', 'Maldives');
INSERT INTO "country" ("id", "alpha3_code", "name") VALUES ('mali', 'MLI', 'Mali');
INSERT INTO "country" ("id", "alpha3_code", "name") VALUES ('malta', 'MLT', 'Malta');
INSERT INTO "country" ("id", "alpha3_code", "name") VALUES ('marshall-islands', 'MHL', 'Marshall Islands');
INSERT INTO "country" ("id", "alpha3_code", "name") VALUES ('martinique', 'MTQ', 'Martinique');
INSERT INTO "country" ("id", "alpha3_code", "name") VALUES ('mauritania', 'MRT', 'Mauritania');
INSERT INTO "country" ("id", "alpha3_code", "name") VALUES ('mauritius', 'MUS', 'Mauritius');
INSERT INTO "country" ("id", "alpha3_code", "name") VALUES ('mayotte', 'MYT', 'Mayotte');
INSERT INTO "country" ("id", "alpha3_code", "name") VALUES ('mexico', 'MEX', 'Mexico');
INSERT INTO "country" ("id", "alpha3_code", "name") VALUES ('moldova', 'MDA', 'Moldova');
INSERT INTO "country" ("id", "alpha3_code", "name") VALUES ('monaco', 'MCO', 'Monaco');
INSERT INTO "country" ("id", "alpha3_code", "name") VALUES ('mongolia', 'MNG', 'Mongolia');
INSERT INTO "country" ("id", "alpha3_code", "name") VALUES ('montenegro', 'MNE', 'Montenegro');
INSERT INTO "country" ("id", "alpha3_code", "name") VALUES ('montserrat', 'MSR', 'Montserrat');
INSERT INTO "country" ("id", "alpha3_code", "name") VALUES ('morocco', 'MAR', 'Morocco');
INSERT INTO "country" ("id", "alpha3_code", "name") VALUES ('mozambique', 'MOZ', 'Mozambique');
INSERT INTO "country" ("id", "alpha3_code", "name") VALUES ('myanmar', 'MMR', 'Myanmar');
INSERT INTO "country" ("id", "alpha3_code", "name") VALUES ('namibia', 'NAM', 'Namibia');
INSERT INTO "country" ("id", "alpha3_code", "name") VALUES ('nauru', 'NRU', 'Nauru');
INSERT INTO "country" ("id", "alpha3_code", "name") VALUES ('nepal', 'NPL', 'Nepal');
INSERT INTO "country" ("id", "alpha3_code", "name") VALUES ('netherlands', 'NLD', 'Netherlands');
INSERT INTO "country" ("id", "alpha3_code", "name") VALUES ('new-caledonia', 'NCL', 'New Caledonia');
INSERT INTO "country" ("id", "alpha3_code", "name") VALUES ('new-zealand', 'NZL', 'New Zealand');
INSERT INTO "country" ("id", "alpha3_code", "name") VALUES ('nicaragua', 'NIC', 'Nicaragua');
INSERT INTO "country" ("id", "alpha3_code", "name") VALUES ('niger', 'NER', 'Niger');
INSERT INTO "country" ("id", "alpha3_code", "name") VALUES ('nigeria', 'NGA', 'Nigeria');
INSERT INTO "country" ("id", "alpha3_code", "name") VALUES ('niue', 'NIU', 'Niue');
INSERT INTO "country" ("id", "alpha3_code", "name") VALUES ('norfolk-island', 'NFK', 'Norfolk Island');
INSERT INTO "country" ("id", "alpha3_code", "name") VALUES ('north-korea', 'PRK', 'North Korea');
INSERT INTO "country" ("id", "alpha3_code", "name") VALUES ('north-macedonia', 'MKD', 'North Macedonia');
INSERT INTO "country" ("id", "alpha3_code", "name") VALUES ('northern-mariana-islands', 'MNP', 'Northern Mariana Islands');
INSERT INTO "country" ("id", "alpha3_code", "name") VALUES ('norway', 'NOR', 'Norway');
INSERT INTO "country" ("id", "alpha3_code", "name") VALUES ('oman', 'OMN', 'Oman');
INSERT INTO "country" ("id", "alpha3_code", "name") VALUES ('pakistan', 'PAK', 'Pakistan');
INSERT INTO "country" ("id", "alpha3_code", "name") VALUES ('palau', 'PLW', 'Palau');
INSERT INTO "country" ("id", "alpha3_code", "name") VALUES ('palestine', 'PSE', 'Palestine');
INSERT INTO "country" ("id", "alpha3_code", "name") VALUES ('panama', 'PAN', 'Panama');
INSERT INTO "country" ("id", "alpha3_code", "name") VALUES ('papua-new-guinea', 'PNG', 'Papua New Guinea');
INSERT INTO "country" ("id", "alpha3_code", "name") VALUES ('paraguay', 'PRY', 'Paraguay');
INSERT INTO "country" ("id", "alpha3_code", "name") VALUES ('peru', 'PER', 'Peru');
INSERT INTO "country" ("id", "alpha3_code", "name") VALUES ('philippines', 'PHL', 'Philippines');
INSERT INTO "country" ("id", "alpha3_code", "name") VALUES ('pitcairn-islands', 'PCN', 'Pitcairn Islands');
INSERT INTO "country" ("id", "alpha3_code", "name") VALUES ('poland', 'POL', 'Poland');
INSERT INTO "country" ("id", "alpha3_code", "name") VALUES ('portugal', 'PRT', 'Portugal');
INSERT INTO "country" ("id", "alpha3_code", "name") VALUES ('puerto-rico', 'PRI', 'Puerto Rico');
INSERT INTO "country" ("id", "alpha3_code", "name") VALUES ('qatar', 'QAT', 'Qatar');
INSERT INTO "country" ("id", "alpha3_code", "name") VALUES ('republic-of-the-congo', 'COG', 'Republic of the Congo');
INSERT INTO "country" ("id", "alpha3_code", "name") VALUES ('reunion', 'REU', 'Réunion');
INSERT INTO "country" ("id", "alpha3_code", "name") VALUES ('romania', 'ROU', 'Romania');
INSERT INTO "country" ("id", "alpha3_code", "name") VALUES ('russia', 'RUS', 'Russia');
INSERT INTO "country" ("id", "alpha3_code", "name") VALUES ('rwanda', 'RWA', 'Rwanda');
INSERT INTO "country" ("id", "alpha3_code", "name") VALUES ('saint-barthelemy', 'BLM', 'Saint Barthélemy');
INSERT INTO "country" ("id", "alpha3_code", "name") VALUES ('saint-helena-ascension-and-tristan-da-cunha', 'SHN', 'Saint Helena, Ascension and Tristan da Cunha');
INSERT INTO "country" ("id", "alpha3_code", "name") VALUES ('saint-kitts-and-nevis', 'KNA', 'Saint Kitts and Nevis');
INSERT INTO "country" ("id", "alpha3_code", "name") VALUES ('saint-lucia', 'LCA', 'Saint Lucia');
INSERT INTO "country" ("id", "alpha3_code", "name") VALUES ('saint-martin', 'MAF', 'Saint Martin');
INSERT INTO "country" ("id", "alpha3_code", "name") VALUES ('saint-pierre-and-miquelon', 'SPM', 'Saint Pierre and Miquelon');
INSERT INTO "country" ("id", "alpha3_code", "name") VALUES ('saint-vincent-and-the-grenadines', 'VCT', 'Saint Vincent and the Grenadines');
INSERT INTO "country" ("id", "alpha3_code", "name") VALUES ('samoa', 'WSM', 'Samoa');
INSERT INTO "country" ("id", "alpha3_code", "name") VALUES ('san-marino', 'SMR', 'San Marino');
INSERT INTO "country" ("id", "alpha3_code", "name") VALUES ('sao-tome-and-principe', 'STP', 'São Tomé and Príncipe');
INSERT INTO "country" ("id", "alpha3_code", "name") VALUES ('saudi-arabia', 'SAU', 'Saudi Arabia');
INSERT INTO "country" ("id", "alpha3_code", "name") VALUES ('senegal', 'SEN', 'Senegal');
INSERT INTO "country" ("id", "alpha3_code", "name") VALUES ('serbia', 'SRB', 'Serbia');
INSERT INTO "country" ("id", "alpha3_code", "name") VALUES ('seychelles', 'SYC', 'Seychelles');
INSERT INTO "country" ("id", "alpha3_code", "name") VALUES ('sierra-leone', 'SLE', 'Sierra Leone');
INSERT INTO "country" ("id", "alpha3_code", "name") VALUES ('singapore', 'SGP', 'Singapore');
INSERT INTO "country" ("id", "alpha3_code", "name") VALUES ('sint-maarten', 'SXM', 'Sint Maarten');
INSERT INTO "country" ("id", "alpha3_code", "name") VALUES ('slovakia', 'SVK', 'Slovakia');
INSERT INTO "country" ("id", "alpha3_code", "name") VALUES ('slovenia', 'SVN', 'Slovenia');
INSERT INTO "country" ("id", "alpha3_code", "name") VALUES ('solomon-islands', 'SLB', 'Solomon Islands');
INSERT INTO "country" ("id", "alpha3_code", "name") VALUES ('somalia', 'SOM', 'Somalia');
INSERT INTO "country" ("id", "alpha3_code", "name") VALUES ('south-africa', 'ZAF', 'South Africa');
INSERT INTO "country" ("id", "alpha3_code", "name") VALUES ('south-georgia-and-the-south-sandwich-islands', 'SGS', 'South Georgia and the South Sandwich Islands');
INSERT INTO "country" ("id", "alpha3_code", "name") VALUES ('south-korea', 'KOR', 'South Korea');
INSERT INTO "country" ("id", "alpha3_code", "name") VALUES ('south-sudan', 'SSD', 'South Sudan');
INSERT INTO "country" ("id", "alpha3_code", "name") VALUES ('spain', 'ESP', 'Spain');
INSERT INTO "country" ("id", "alpha3_code", "name") VALUES ('sri-lanka', 'LKA', 'Sri Lanka');
INSERT INTO "country" ("id", "alpha3_code", "name") VALUES ('sudan', 'SDN', 'Sudan');
INSERT INTO "country" ("id", "alpha3_code", "name") VALUES ('suriname', 'SUR', 'Suriname');
INSERT INTO "country" ("id", "alpha3_code", "name") VALUES ('svalbard-and-jan-mayen', 'SJM', 'Svalbard and Jan Mayen');
INSERT INTO "country" ("id", "alpha3_code", "name") VALUES ('sweden', 'SWE', 'Sweden');
INSERT INTO "country" ("id", "alpha3_code", "name") VALUES ('switzerland', 'CHE', 'Switzerland');
INSERT INTO "country" ("id", "alpha3_code", "name") VALUES ('syria', 'SYR', 'Syria');
INSERT INTO "country" ("id", "alpha3_code", "name") VALUES ('taiwan', 'TWN', 'Taiwan');
INSERT INTO "country" ("id", "alpha3_code", "name") VALUES ('tajikistan', 'TJK', 'Tajikistan');
INSERT INTO "country" ("id", "alpha3_code", "name") VALUES ('tanzania', 'TZA', 'Tanzania');
INSERT INTO "country" ("id", "alpha3_code", "name") VALUES ('thailand', 'THA', 'Thailand');
INSERT INTO "country" ("id", "alpha3_code", "name") VALUES ('togo', 'TGO', 'Togo');
INSERT INTO "country" ("id", "alpha3_code", "name") VALUES ('tokelau', 'TKL', 'Tokelau');
INSERT INTO "country" ("id", "alpha3_code", "name") VALUES ('tonga', 'TON', 'Tonga');
INSERT INTO "country" ("id", "alpha3_code", "name") VALUES ('trinidad-and-tobago', 'TTO', 'Trinidad and Tobago');
INSERT INTO "country" ("id", "alpha3_code", "name") VALUES ('tunisia', 'TUN', 'Tunisia');
INSERT INTO "country" ("id", "alpha3_code", "name") VALUES ('turkey', 'TUR', 'Turkey');
INSERT INTO "country" ("id", "alpha3_code", "name") VALUES ('turkmenistan', 'TKM', 'Turkmenistan');
INSERT INTO "country" ("id", "alpha3_code", "name") VALUES ('turks-and-caicos-islands', 'TCA', 'Turks and Caicos Islands');
INSERT INTO "country" ("id", "alpha3_code", "name") VALUES ('tuvalu', 'TUV', 'Tuvalu');
INSERT INTO "country" ("id", "alpha3_code", "name") VALUES ('uganda', 'UGA', 'Uganda');
INSERT INTO "country" ("id", "alpha3_code", "name") VALUES ('ukraine', 'UKR', 'Ukraine');
INSERT INTO "country" ("id", "alpha3_code", "name") VALUES ('united-arab-emirates', 'ARE', 'United Arab Emirates');
INSERT INTO "country" ("id", "alpha3_code", "name") VALUES ('united-kingdom', 'GBR', 'United Kingdom');
INSERT INTO "country" ("id", "alpha3_code", "name") VALUES ('united-states-minor-outlying-islands', 'UMI', 'United States Minor Outlying Islands');
INSERT INTO "country" ("id", "alpha3_code", "name") VALUES ('united-states-of-america', 'USA', 'United States of America');
INSERT INTO "country" ("id", "alpha3_code", "name") VALUES ('united-states-virgin-islands', 'VIR', 'United States Virgin Islands');
INSERT INTO "country" ("id", "alpha3_code", "name") VALUES ('uruguay', 'URY', 'Uruguay');
INSERT INTO "country" ("id", "alpha3_code", "name") VALUES ('uzbekistan', 'UZB', 'Uzbekistan');
INSERT INTO "country" ("id", "alpha3_code", "name") VALUES ('vanuatu', 'VUT', 'Vanuatu');
INSERT INTO "country" ("id", "alpha3_code", "name") VALUES ('vatican-city', 'VAT', 'Vatican City');
INSERT INTO "country" ("id", "alpha3_code", "name") VALUES ('venezuela', 'VEN', 'Venezuela');
INSERT INTO "country" ("id", "alpha3_code", "name") VALUES ('vietnam', 'VNM', 'Vietnam');
INSERT INTO "country" ("id", "alpha3_code", "name") VALUES ('wallis-and-futuna', 'WLF', 'Wallis and Futuna');
INSERT INTO "country" ("id", "alpha3_code", "name") VALUES ('western-sahara', 'ESH', 'Western Sahara');
INSERT INTO "country" ("id", "alpha3_code", "name") VALUES ('yemen', 'YEM', 'Yemen');
INSERT INTO "country" ("id", "alpha3_code", "name") VALUES ('zambia', 'ZMB', 'Zambia');
INSERT INTO "country" ("id", "alpha3_code", "name") VALUES ('zimbabwe', 'ZWE', 'Zimbabwe');